feature1,feature2
0.4967141530112327,-0.13826430117118466
0.6476885381006925,1.5230298564080254
-0.23415337472333597,-0.23413695694918055
1.5792128155073915,0.7674347291529088
-0.4694743859349521,0.5425600435859647
-0.46341769281246226,-0.46572975357025687
0.24196227156603412,-1.913280244657798
-1.7249178325130328,-0.5622875292409727
-1.0128311203344238,0.3142473325952739
-0.9080240755212109,-1.4123037013352915
1.465648768921554,-0.22577630048653566
0.06752820468792384,-1.4247481862134568
-0.5443827245251827,0.11092258970986608
-1.1509935774223028,0.37569801834567196
-0.600638689918805,-0.2916937497932768
-0.6017066122293969,1.8522781845089378
-0.013497224737933921,-1.0577109289559004
0.822544912103189,-1.2208436499710222
0.2088635950047554,-1.9596701238797756
-1.3281860488984305,0.19686123586912352
0.7384665799954104,0.1713682811899705
-0.11564828238824053,-0.3011036955892888
-1.4785219903674274,-0.7198442083947086
-0.4606387709597875,1.0571222262189157
0.3436182895684614,-1.763040155362734
0.324083969394795,-0.38508228041631654
-0.6769220003059587,0.6116762888408679
1.030999522495951,0.9312801191161986
-0.8392175232226385,-0.3092123758512146
0.33126343140356396,0.9755451271223592
-0.47917423784528995,-0.18565897666381712
-1.1063349740060282,-1.1962066240806708
0.812525822394198,1.356240028570823
-0.07201012158033385,1.0035328978920242
0.36163602504763415,-0.6451197546051243
0.36139560550841393,1.5380365664659692
-0.03582603910995154,1.5646436558140062
-2.6197451040897444,0.8219025043752238
0.08704706823817122,-0.29900735046586746
0.0917607765355023,-1.9875689146008928
-0.21967188783751193,0.3571125715117464
1.477894044741516,-0.5182702182736474
-0.8084936028931876,-0.5017570435845365
0.9154021177020741,0.32875110965968446
-0.5297602037670388,0.5132674331133561
0.09707754934804039,0.9686449905328892
-0.7020530938773524,-0.3276621465977682
-0.39210815313215763,-1.4635149481321186
0.29612027706457605,0.26105527217988933
0.00511345664246089,-0.23458713337514692
-1.4153707420504142,-0.42064532276535904
-0.3427145165267695,-0.8022772692216189
-0.16128571166600914,0.4040508568145384
1.8861859012105302,0.17457781283183896
0.25755039072276437,-0.07444591576616721
-1.9187712152990415,-0.026513875449216878
0.06023020994102644,2.463242112485286
-0.19236096478112252,0.30154734233361247
-0.03471176970524331,-1.168678037619532
1.1428228145150205,0.7519330326867741
0.7910319470430469,-0.9093874547947389
1.4027943109360992,-1.4018510627922809
0.5868570938002703,2.1904556258099785
-0.9905363251306883,-0.5662977296027719
0.09965136508764122,-0.5034756541161992
-1.5506634310661327,0.06856297480602733
-1.0623037137261049,0.4735924306351816
-0.9194242342338032,1.5499344050175394
-0.7832532923362371,-0.3220615162056756
0.8135172173696698,-1.2308643164339552
0.22745993460412942,1.307142754282428
-1.6074832345612275,0.1846338585323042
0.25988279424842353,0.7818228717773104
-1.236950710878082,-1.3204566130842763
0.5219415656168976,0.29698467323318606
0.25049285034587654,0.3464482094969757
-0.6800247215784908,0.23225369716100355
0.29307247329868125,-0.7143514180263678
1.8657745111447566,0.4738329209117875
-1.1913034972026486,0.6565536086338297
-0.9746816702273214,0.787084603742452
1.158595579007404,-0.8206823183517105
0.9633761292443218,0.4127809269364983
0.82206015999449,1.8967929826539474
-0.2453881160028705,-0.7537361643574896
-0.8895144296255233,-0.8158102849654383
-0.0771017094141042,0.3411519748166439
0.27669079933001905,0.8271832490360238
0.01300189187790702,1.4535340771573169
-0.2646568332379561,2.720169166589619
0.6256673477650062,-0.8571575564162826
-1.0708924980611123,0.4824724152431853
-0.2234627853258509,0.714000494092092
0.47323762457354485,-0.07282891265687277
-0.846793718068405,-1.5148472246858646
-0.4465149520670211,0.8563987943234723
0.21409374413020396,-1.245738778711988
0.173180925851182,0.3853173797288368
-0.883857436201133,0.1537251059455279
0.058208718445999896,-1.142970297830623
0.3577873603482833,0.5607845263682344
1.083051243175277,1.053802052034903
-1.377669367957091,-0.9378250399151228
0.5150352672086598,0.5137859509122088
0.5150476863060479,3.852731490654721
0.570890510693167,1.135565640180599
0.9540017634932023,0.651391251305798
-0.3152692446403456,0.7589692204932674
-0.7728252145375718,-0.23681860674000887
-0.48536354782910346,0.08187413938632256
2.3146585666735087,-1.867265192591748
0.6862601903745135,-1.6127158711896517
-0.47193186578943347,1.088950596967366
0.06428001909546277,-1.0777447779293061
-0.7153037092599682,0.6795977489346758
-0.7303666317171367,0.21645858958197486
0.045571839903813784,-0.6516003476058171
2.1439440893253257,0.6339190223180112
-2.025142586657607,0.18645431476942764
-0.661786464768388,0.852433334796224
-0.7925207384327007,-0.11473644146689901
0.5049872789804571,0.8657551941701215
-1.2002964070557762,-0.3345012358409484
-0.4749453111609562,-0.6533292325737119
1.7654542402810969,0.40498171096095553
-1.2608839543350452,0.9178619470547761
2.1221561970126332,1.0324652605511468
-1.5193699659540134,-0.48423407286625136
1.2669111491866227,-0.7076694656187807
0.44381942814622843,0.7746340534293368
-0.926930471578083,-0.05952535606180008
-3.2412673400690726,-1.0243876413342898
-0.2525681513931603,-1.2477831819648495
1.6324113039316352,-1.4301413779606327
-0.44004448669698376,0.13074057728609134
1.4412732890661155,-1.4358621511794394
1.1631637521549596,0.010233061019587049
-0.9815086510479509,0.46210347426327075
0.19905969557347003,-0.6002168771587947
0.06980208499001891,-0.3853135968617602
0.11351734525124804,0.6621306745210467
1.586016816145352,-1.237815498826849
2.1330333746562666,-1.9520877995225019
-0.15178509503558332,0.5883172064845765
0.28099186773503265,-0.6226995198205938
-0.20812225035727522,-0.4930009346588328
-0.5893647569442115,0.8496020970210246
0.35701548596504734,-0.6929095952606542
0.8995998754332507,0.30729952087660933
0.8128621188389601,0.6296288419236122
-0.8289950109220723,-0.5601810401969696
0.7472936051232618,0.6103702654334648
-0.020901593964148132,0.117327383308782
1.277664895788425,-0.5915713888358299
0.5470973811700379,-0.20219265243389406
-0.2176812032272203,1.09877685198719
0.8254163489880298,0.8135096360006385
1.305478807154329,0.02100384163275905
0.6819529712949639,-0.31026675659345604
0.3241663524884421,-0.13014305436768459
0.09699596499271819,0.5951570254369136
-0.8182206832334725,2.0923872756854602
-1.006017381499702,-1.2141886127877322
1.1581108735000678,0.7916626939629359
0.6241198170521551,0.6283455092642799
-0.012246772846914623,-0.8972543714858315
0.07580455819372633,-0.6771617115121117
0.9751197334177512,-0.14705738150213865
-0.8254971967925115,-0.32138584165299344
0.41293145427562433,-0.5637245528039747
-0.8222203955664315,0.2436872114919123
0.24496657110872277,-0.5069431753711298
-0.4710383056183228,0.2320499373576363
-1.4480843414973241,-1.4074637743765552
-0.718444221252436,-0.21344715171184725
0.3109075655980046,1.475356216949552
0.8576596232020194,-0.1599385299634271
-0.01901620790268883,-1.0025293646378088
-0.01851313599238993,-0.2886586389201383
0.3227185603380895,-0.827230943552323
0.5193465142411723,1.5327389130025777
-0.1087601484568576,0.40171172209894146
0.6901439917111125,-0.40122047188583626
0.22409248181041677,0.01259240078179486
0.09767609854883172,-0.7730097838554665
0.024510174258942714,0.49799829124544975
1.4511436077950417,0.9592708260852069
2.1531824575115563,-0.7673475628880495
0.8723206367206782,0.18334200573835174
2.1898029332176723,-0.8082982853551515
-0.8397218421807761,-0.5993926454440222
-2.123895724309807,-0.525755021680761
-0.759132661553698,0.15039378647620763
0.34175597577715944,1.8761708392158862
0.9504238381860503,-0.5769036556624031
-0.898414671348358,0.4919191715065057
-1.3202332070206422,1.8314587658543537
1.179440120721287,-0.4691756521047048
-1.7131345290908775,1.3538723741654128
-0.11453984525261789,1.2378163119734618
-1.594427658794367,-0.5993750229537729
0.005243699718183166,0.046980593764742055
-0.45006547147924364,0.6228499323474987
-1.0676204293825944,-0.1423794850212935
0.12029563171189886,0.514438834058749
0.7116148780888898,-1.1246420918378692
-1.5341141707356223,1.277676821898509
0.33231401197959165,-0.7484865365565536
1.551151975522523,0.11567463429285867
1.1792971840638264,0.06751848141010895
2.060747924881987,1.7553408424432044
-0.2489641484790735,0.9715709509543554
0.6453759495851475,1.3686315575323487
-0.9649234605801045,0.6860514599984393
1.0584244868495878,-1.7587394864231143
-1.183258512665775,-2.0392321777601006
-0.26940683444455776,0.7175422557959623
1.502357052096028,0.07409478041977519
1.6286155455712918,-1.3801014582148914
-1.7033824393551547,-0.05554769889661878
0.3840654489393073,-0.03269474809409311
-2.0674421000398766,-0.08912003951278841
-1.3044695005048532,0.6696725488300385
0.36659824609684827,-0.9398797863273552
-0.5138669173366935,-1.0592135218889516
-0.06267909727317188,0.9551423205012383
-0.9857260463355437,0.5040465155178444
-0.5302576183724408,-0.7928728322623442
-0.10703035995455783,-1.035242322419374
-0.553649305347182,-1.1978778925888485
1.9647251329163893,0.03526355197172861
-0.6997255079925856,0.213979910734222
-0.11232804969082982,-0.22096959953322298
0.6141667000434252,0.7575077100473051
-0.5305011476105275,-0.57581824064468
-0.275051697151644,-2.301921164735585
-1.5151910621985523,1.3668742674445247
1.6449677135012837,-0.24903603955637832
0.5765569630557664,0.3112501545435361
3.0788808084552377,1.1195749114345768
-0.12791759148076653,-0.9555404406004258
-1.6064463202575725,0.2034636358672231
-0.7563507452843033,-1.4222537095976742
-0.6465728842425266,-1.081548003614395
1.6871416350725648,0.8816397569494505
-0.007972641316617372,1.4799441388900259
0.0773683076476183,-0.8612842013282637
1.5231240772696573,0.5389100436846587
-1.0372461543264564,-0.1903386780836082
-0.8756182533847572,-1.382799730964336
0.9261775475316414,1.9094166404701305
-1.3985675738191412,0.5629692366905709
-0.6506425691218269,-0.48712538376469605
-0.5923939242388692,-0.863990769679816
0.04852162794482699,-0.8309501164110378
0.2704568257798388,-0.05023810944913695
-0.23894804686640975,-0.9075636620415979
-0.5767713305683327,0.755391225825756
0.5009171876243808,-0.977555244798551
0.09933230542922587,0.751387123371789
-1.6694052811213718,0.543360192379935
-0.6626237589458467,0.5705986685931593
-0.7632591565425169,-1.804882100664519
-1.6275424378831627,0.048084946661381994
0.25972250172148187,-0.9043166251044086
0.6385924587773739,-1.6615200622689599
-0.06607979864731657,-1.2110161997624567
-0.6518361078021592,0.047398671316414016
-0.8604133652839524,-0.38455554422982535
1.0062928092144405,-0.5768918695231487
0.8356921120651418,-1.129706854657618
0.5298041779152828,1.4415686206579004
-2.4716445001272893,-0.7968952554704768
0.57707212718054,-0.2030453860429927
0.37114587337130883,-0.6039851867158206
0.08658978747289992,-0.15567723539207948
1.1677820616598074,0.2544208433012131
0.3376026620752022,-0.4118769661224674
-0.48760622407249354,-0.4325581878196209
0.39445214237829684,-0.42098448082026296
0.2897748568964129,2.075400798645439
0.8711247034316923,-0.32602353216784113
1.2012139221639448,-0.4080753730215514
-2.038124535177854,-1.008086310917404
-1.8707919210258557,-0.35151348404130867
0.0184183791895517,1.6764373122752827
0.32692737376416264,-0.21910052880886424
0.8294055811834892,-2.211135309007885
0.23561455810856594,0.7708651938869668
-1.4785862457798415,1.143754043206929
0.3384964074944141,-0.4152879139008013
0.6327818661062848,2.270692857804396
0.18186625505849516,0.24822058630033608
-0.4593608995402441,-0.8498443694647918
0.8303358165442456,-0.8560838259088672
0.07156623721939247,-0.4776574467651167
0.47897982574639186,0.3336621052869483
1.0375399442578992,-0.510016398854747
-0.26987493529337125,-0.9787637157823074
-0.4442932600761116,0.3773004930448522
5.135482924968028,2.616752013733562
5.3044088801584905,6.033456788207427
4.620152354835551,6.815193718837099
2.8393162013446407,2.1330179450328743
1.331919626643582,6.2440664672337745
4.9815484845310865,3.9166229936343173
4.419952939479731,2.3117664290524353
7.6686279694252395,4.193831772962842
4.164092191907339,5.0886499358480375
4.7215138476050695,4.335826036418697
2.814288316832032,4.707202535703994
6.82303674471255,6.018130069232466
6.389779939959095,3.2331764853532223
2.5155927696121285,3.811319619850528
4.083587368433042,5.641287277706423
1.4613030554277708,6.2943254791909204
3.762988152131516,3.35967839507887
2.481843437109749,1.5177149922013458
5.234755875942872,4.109976950782606
2.065058650388419,2.0573818419045757
3.4963229510648075,6.503532287934089
3.610612972954593,1.7452855703228405
3.6313854038710836,3.5909146453784944
-0.045329964412357704,3.918557700223282
3.653598204686983,5.044309547220127
6.773434142418018,5.689847544321636
3.596666964167754,2.3402111368874943
7.86003970487479,4.088827651021733
4.0208939378694195,3.963812369334995
4.297127141151782,3.7834593821140863
3.1395069896796457,3.179711588139412
3.9508700946760023,3.1848628432993524
2.9307313259842536,4.159645341537845
3.6175341738687172,6.255989482874033
0.023545287410482008,5.637260277883692
5.869127788746443,0.8899146513877758
3.485968608879477,3.4428387010063126
1.8887324579232683,2.8332749686136873
2.334136231801257,6.628405665135434
5.403517589721192,5.907332642491238
5.082508096064853,2.306422343174156
3.2132196005803397,4.734061841841877
2.166808286662082,5.069497645258582
3.6395119027627976,3.4377687886756036
5.066439952305237,4.66639496722906
3.45855075127138,5.738994705046372
2.3784050086001542,4.923903410416395
4.889651886952576,3.5356803410290145
4.489199533363177,2.1233296354220457
5.3860405288103514,3.7226467953355167
3.2159154692214407,5.573513838755334
2.943484464185861,1.8873080554546604
1.6650562397141444,4.909014927018459
2.079355971255575,6.632191272976547
0.8771058881744169,6.544684552435058
4.316526200803928,3.8549303321944115
3.1826213697865753,4.598704171528106
3.9435479463627274,5.654952823024782
4.17134147299306,4.225452642192816
3.4545816816792163,3.9145815644183988
4.461702653338088,1.4347474110150618
1.9777218668414305,5.114896141034072
4.256298157191913,3.724024995470981
4.02765089959809,4.521372558042507
3.1903604795359577,2.832542911896531
4.293767882646522,2.5324408335774518
4.612379133571707,1.4461245936432396
5.543733455988465,4.708896223619565
4.384044601470814,5.474036475918271
6.498211666693865,5.521555097527195
1.2386886530025318,2.080634549896448
3.0627721334564817,4.039136575316251
4.776488530703684,2.9113842802698016
4.280150146715617,2.866925601470016
3.0827232955120776,1.8900083547276667
2.6151501308336433,1.9724730915754995
2.536190120534001,5.580462694911759
2.5759016667520855,7.948573097256086
4.739976851321334,4.2772541855423105
2.7124633297281795,5.050464819113487
3.136543260643339,4.183014721968042
7.840126807403192,3.8559101504130253
5.723909989428513,2.945235362311169
3.9475172642545573,6.656200953453265
3.059549413318349,6.718672836995394
5.061627903183213,3.1562998361585985
4.948611608583281,5.458831674440095
4.932714943325795,1.6446629201643153
2.909294236262697,3.628722046672743
3.8883498563499304,4.9310081463260165
4.2665515013998805,1.9969834619348479
4.570296776508945,4.915878617925735
4.83968567189656,5.621171088331932
5.250883231823356,4.688770118842655
3.8947514328120296,1.5085585997260127
4.644427328698879,4.311531530744666
4.4073682557930605,2.0848771362695357
2.3784151893876064,5.579729279999356
3.9406672692150173,5.022251046058937
4.042477564195692,4.044634209243617
5.407425708963997,3.225932907673939
4.144181165411475,3.3065870669424364
3.3482556588515267,3.536241814797041
4.333200657450569,3.281877067504784
5.883634188360281,2.658089046670744
3.7196925337579616,3.3404034125887376
6.1704668265306,4.294832164767362
5.547766809202953,1.7716594404445418
4.4005753988038885,5.334446193435156
4.123425983913136,5.598220562598026
3.224067324849442,6.114021160278369
7.448347185428876,3.4557421593405113
3.3317462178988424,6.1800767156765515
6.369358218596068,3.2157099592700975
3.369719774356214,3.577323086709239
1.9833242334485846,2.6220220802737026
2.493788849871898,2.8483036523438074
3.947972668919828,4.351322098804781
6.325750739221116,2.5024689388918135
5.476483597714876,3.6790167336617365
3.9258044355213504,5.012229238249906
2.315916967656552,4.573614619276076
4.249678312319584,4.738676896012223
4.433752965861727,7.682950209866341
3.043390023623026,3.2035045674972737
3.0652892103628533,3.166784321259618
3.0439193090402235,5.783524796661328
6.130756371984782,3.1438805593757855
2.751466640343657,4.707123334579606
3.1716654335785432,4.949397726633266
4.304384531276949,1.726383827504152
6.321257801995093,6.693816509643282
3.0808169642734207,3.4184476600960236
4.428798086087357,4.501685184980538
4.987816409009246,7.015306808149525
3.734579158758926,2.802554133192319
1.931021157978209,2.9036049400871216
3.9503095406893043,6.691836795276681
3.223583051445743,4.335681927458348
3.975365655890872,5.782589910172126
7.790398638810433,3.2036968406195188
3.265840836222667,5.566241315603608
5.022837234439467,6.77006098860405
4.875892277988946,3.4610618638194106
4.885982246038464,5.663055370874361
5.230723271796046,4.760911046660946
5.600012034383731,5.753943385668509
6.07323848655629,4.973064831384464
3.7493228795247187,4.220070529649984
5.809763449762535,2.774596493519146
4.553009963309352,3.409991781508959
4.043117234402226,5.917677793910948
4.286648602029855,4.069654822234223
1.960215788530121,5.119380349040831
4.968226271711613,7.24488208495819
3.5383326475704986,4.328725491495908
4.374075525566133,6.366179919645211
3.857056701419572,4.418532288655509
4.911844764574809,4.279913684734537
3.3303495781742076,4.291134989347461
5.610447624789658,2.4602270508834096
4.199454511220314,2.94981877759124
5.792569943387264,1.715219642824338
3.1616172290926174,4.565817812596781
6.348286043851511,3.901374608390518
3.1672007099602024,6.821735604160885
1.827979149375634,0.7017910650698771
4.6600216750799985,3.2469186634710834
2.46815077430393,5.06253467094903
4.365701070656798,3.1538820538949075
2.0795434019936585,5.308685992420217
4.975301766937991,3.8512362043309256
6.769955494071499,2.394872850510771
1.711712243612892,2.9621378951781336
3.9316209754667533,4.3650091739840375
3.638145913215505,4.528083094771445
2.122690863714334,6.165646906109889
3.876773232411147,5.675943747382192
4.5140880195665565,4.685129828730676
4.8546509203483055,4.671562840025972
4.964084139801316,5.993728795198647
4.294781754552205,5.063505636382768
3.86539645856916,6.160175823174209
2.9854115469110956,6.701410649366224
3.939763074033485,1.8538373468229277
4.192156622366184,2.9784225137876787
5.260965323483086,3.0210640310464134
3.3307248501778304,1.1656889035817035
3.321540521126385,0.3641810100565648
1.624145764771415,5.1406219842164464
5.178700237976249,4.6381863426774474
2.5495357853061806,3.9284329657870303
3.9945961913641472,2.262452966211186
6.255097452650726,5.316043435863508
3.668553739255504,4.040328758491796
4.312574211921329,0.937397697363564
3.6292339262191047,2.9770236280033022
2.497569985157627,3.5783495606710676
6.696529790274283,4.961264291900514
3.143231515325805,4.858874172034238
6.099033154879003,5.386950524369153
4.089445554880261,3.029594833441639
5.047334970420385,4.590228078132625
5.342789830041598,4.9527577025229546
5.574329072979003,3.197147182659148
5.976091098451489,4.296399407038599
7.112891308937899,2.9662182728656483
6.603945704747874,4.296866175193972
3.0228729945783277,3.2741712489185177
3.51947903770852,4.636248919602875
4.784253232053249,3.139449994092131
3.9634681116085257,7.2134055379177955
6.591314755151068,4.654485504511048
4.057005217252301,4.1800469900773916
4.9202769590956255,2.4658111522023916
3.6139351938649824,1.4971238891836158
4.598834683907919,4.970793909554112
3.275220306550939,6.360980144935049
2.161351505496488,1.8034376796852696
4.336677727839958,5.570647453918232
6.525891537186803,3.31167360569659
5.618021250146944,3.942237295748939
3.7410590500887704,5.3254899062300085
4.978484317620129,1.6354117645236261
6.214810524588843,6.0701370312211775
3.061655947735706,4.593705300156113
4.7410452794241085,4.391010648735861
3.17454226923187,2.9925649480929226
3.961668893512832,5.759093528889047
4.8154002318916485,3.444078501870841
5.157548065972517,-0.2728139309451132
5.723148550558156,1.3904293318328507
3.456338587895302,2.320495158060784
2.0579777864186415,5.741240181067779
3.2984481980321627,4.519755822596074
3.929619131681224,4.715561240834682
4.115232836590383,2.075511663717146
5.49440022917071,3.2593651252580313
1.6651271520103732,3.357827258551131
6.2511396859514665,5.27533261317024
3.4770217983882112,3.476113443522357
3.517547423173926,7.115121975341261
4.57290317834733,4.645062470786605
5.545425181047763,4.35818373853977
3.6114367812689454,3.7054752263725326
3.8925981108789043,3.9441666452352377
5.09144431545547,4.077918828710949
5.098960115823369,3.8789251298371266
4.117952785474136,1.0026989732018388
5.374491512053722,4.519732713846989
5.497015164789478,-0.3443830672905337
7.132562057171091,3.7906155577672394
5.662274225106275,2.440141109311704
4.919160857593854,2.419876655239516
3.0643465589562924,6.871047030800179
3.71397639885498,4.326149309769584
5.305101596033131,4.743522831958907
4.225628357715364,4.547441503699338
7.605123377857413,3.9135718044496217
4.301648570072452,5.575981594011418
5.658288899436975,5.78054545834057
4.958095333043777,2.2854926309042747
6.450147298451644,2.280481910471968
4.453953197858549,2.8685862249709633
3.903792480110511,4.493143615455221
4.482035823175409,4.632881131352927
6.420566903587971,4.68030145227097
3.633765047064027,5.446130752432536
5.784205733386961,2.1585882772945113
4.896100104774787,5.051759113466348
3.553654744960012,6.063560219967429
3.77491661945121,4.188364680207314
3.7403922635741957,4.023368571372202
2.355587369657197,1.8399236761085582
6.3917575948374585,2.729557977522508
2.5129114758155393,0.7699148295944278
3.041557378465747,2.0153653098887525
6.463022740204554,5.514725634013951
2.9677744822334144,7.378653708016463
5.472648230487391,3.5127529247370664
0.25089142768964035,7.436413858886112
1.915641299854606,1.5319018795646624
5.533855648014461,7.659628609508909
6.076409227765778,4.84586368007854
4.892131512497929,5.280123338170462
5.138392884680147,4.421787135954064
4.156301655927814,3.9061103081507165
2.8690531166999858,3.578987384699839
1.4605647787069218,3.852490559807875
2.5171133392736236,2.344616024176344
4.269841226730218,6.088003429516899
5.377474909003469,1.6442490945652346
2.5155577951444936,5.411156781982324
2.5262689096925355,3.663050275004463
4.825078148536828,2.547483317704547
4.15806325921894,1.9989617576226935
3.0979485340731796,4.479672901213806
1.610509399702496,4.660712106940599
3.970543301609978,4.828734931625721
4.335871201096992,6.046210644960766
-3.8497305968225115,-4.515286649350304
-3.8532429963612596,-3.3480423651563345
-3.941367915609155,-3.951289970555341
-4.842390025368107,-4.795481101061138
-5.683126326159632,-1.900507908175673
-5.492635882469542,-4.831486237355088
-4.862088718683037,-2.92609074766667
-4.353939613950433,-2.5027095127915198
-4.8081887490926425,-3.6652070053314376
-5.002416463911709,-1.4258210466719343
-5.425118102835415,-3.628215147727567
-3.239467742881482,-3.503441083058202
-4.22234519065325,-4.155784839680112
-3.9474262336250683,-4.176402401954187
-2.8433450598461087,-1.3473723980903785
-4.668990142009401,-5.643763575494893
-4.105938458021506,-0.9043487948148177
-4.964409481563677,-2.033059833467119
-1.9867590231082715,-4.664305890049594
-3.3172203049776696,-2.0459240522457547
-4.454953289184984,-4.244296432122834
-4.698017096738372,-5.21770807683144
-4.7791330540792085,-5.468728320114708
-3.9590998380889286,-4.92396787727037
-3.7194569058511027,-5.867074775444353
-3.6029437213426516,-2.9997652460692903
-6.392482771085747,-3.5511321161829135
-2.5267972090320496,-5.4515692224294465
-1.992913135794756,-3.497177188760746
-4.846014226910091,-4.066922893189247
-3.330007704973933,-3.9087935303051062
-3.353492809064357,-5.10480831169524
-3.7967670111567062,-5.696457396285976
-4.13347127361844,-5.084689169757747
-4.882635931107719,-2.516688189747475
-2.6904278552868774,-3.2690342549113875
-5.310775317607095,-4.379690139633762
-2.5442827600249798,-3.8299397036321143
-1.216804552021967,-3.5280185927267538
-3.769541060211962,-4.3709397570430015
-3.8397509142612614,-4.182963803656652
-3.1502695879736917,-2.851957219846499
-4.94318735260954,-5.5974795442693335
-6.203446447723955,-3.3904104077049477
-5.3240399274086485,-6.583468711542979
-3.5337056745628432,-1.0084005790806514
-4.007285093847872,-2.9938110706580296
-3.901804769742922,-4.118667583829371
-2.897108220414678,-4.348329453026381
-3.6791292231137165,-3.6139626325647836
-4.8017085443716585,-2.8095491805561728
-4.20995170803449,-4.906894191391413
-3.3561881877155155,-5.078161578149245
-3.966182611157046,-4.010942795973044
-2.696925321002106,-3.4303621205440566
-4.030032350494173,-3.0186804409596553
-2.331750941179224,-3.3306276323777655
-3.9875768561879434,-5.574203478820191
-5.2781363956904475,-4.366269645225601
-4.731414642591139,-4.224365563582535
-3.9320200901234714,-3.364368694771923
-4.08459853367091,-3.4161980274085577
-3.9226307022278557,-6.370559879624645
-5.127202472582505,-4.172905066865939
-5.451633691409329,-3.2800855240045546
-2.1630990011875633,-2.5374857779632203
-4.2561314451162495,-2.2111286357800575
-3.8215990513574662,-4.404503165341647
-4.736083196249128,-4.362963623785754
-4.465812182249475,-3.795500533149415
-3.8073112227401626,-3.9963447758159028
-3.4756741963043805,-2.5712244702563902
-2.8605350374704113,-5.781877562139885
-7.064705361882346,-2.878816106512872
-5.640254438098506,-4.26971848227122
-5.404135631271231,-6.162376525096024
-3.3502447261542545,-3.0890138076368236
-4.691812480872064,-7.109250750573892
-4.655493337902979,-3.529835193516944
-5.774693882528954,-3.779968096265013
-4.018371819007594,-3.304850200478694
-3.8565035579030162,-5.167682729057867
-2.5641141980026108,-4.190235487632364
-4.032765447411919,-5.1199215508878355
-4.531938701429812,-5.061763256832281
-4.207535271908108,-1.9459498238291881
-5.646281371517627,-5.936273677452089
-2.2345956070076696,-4.2511884125822395
-4.8028872863919,-2.7521143751247084
-4.726738647684237,-1.8087883437436765
-3.1864889543928774,-4.585493689774843
-1.411230144081396,-4.726857907604006
-3.1094855535888315,-3.6408489035122096
-2.437910452721442,-2.126186563927777
-3.96159502112108,-4.90410144441542
-3.4480334284730603,-4.813258443702527
-1.5839353029680523,-3.836157602700715
-4.43838586157453,-3.77838363296211
-5.616551547435636,-5.165936846212782
-2.5595033104666896,-4.788273134765674
-5.256293179218328,-3.3560166969672567
-2.5771550144044038,-3.13725602720192
-2.80474277703302,-4.908154106283353
-5.706172800090212,-2.1983996176534157
-4.387215806610563,-4.300999619746057
-2.4061670297811304,-3.332523988719208
-3.452934673502071,-1.4019971861186993
-4.772221876456172,-2.8865918463025153
-3.9315842501234988,-3.6776892653640916
-2.165837888304962,-3.3905970924524516
-3.3540447051404403,-2.7129911952282377
-4.437943275451462,-5.007051600806808
-5.25377103282524,-6.359627907251202
-1.5325514440716135,-5.32385003886602
-4.265504348302926,-4.332175959866705
-3.6311119626290793,-3.021115344952844
-2.9674318139683056,-4.699692926282726
-4.200546056543693,-3.6609040594140403
-4.298429351420257,-2.071185308776009
-3.4108300580340982,-3.118146656740219
-3.2045424775991047,-2.5918313710176104
-3.7827741295555515,-5.556198337547016
-3.52037445789683,-4.781628272550195
-4.634340018099708,-3.296363177493888
-2.514060314279637,-3.974474107916726
-3.6294003848812433,-1.9573420664377146
-3.711096184613718,-0.877980262983526
-3.321388425242147,-6.112915310986981
-3.095990054674561,-3.5426099381406666
-2.4522966951007055,-3.19218237847605
-4.166147180780529,-5.469157883547239
-4.25082790874323,-5.02062454505116
-4.696628139765667,-3.2937059146952685
-1.9961145947783128,-3.5263941642124226
-5.435059674442221,-3.4664767981358313
-2.5640422160252188,-4.731739485183258
-4.160820600007502,-3.9823741663249637
-4.941877975698688,-3.2220634793873693
-4.145137778329338,-3.496561067311567
-5.06499061336252,-4.524949960388092
-3.1331423706066746,-4.447399782510121
-1.9276433785199139,-4.479563422737523
-3.730378329097737,-2.880891001752292
-5.7020388795196375,-6.112970574376931
-5.830787577484114,-2.4848990758873812
-4.662229775070936,-0.9301608571980973
-4.6770971183888665,-3.7785384361635557
-2.1494680569185496,-1.5926885342090524
-1.5261957080363229,-2.549960523288229
-2.7711249690262454,-3.2889676609585803
-3.0659667086000346,-4.66142285959424
-4.981838660106769,-4.004049348893142
-4.204221547029914,-4.54387365919273
-3.164335063051942,-2.853633749715387
-3.893911736449783,-2.2269639027336856
-5.3700269369602065,-4.232391351135662
-4.860186784723366,-6.239843940487672
-4.099216823011239,-4.146097010059941
-2.183860308109443,-3.243025978534267
-5.229024189195046,-1.7750889203989741
-2.5347595653695763,-3.301482755837661
-4.271780918619799,-5.151327084068176
-4.446648131285263,-2.693501656354977
-1.7384964328784691,-2.148107766073373
-4.586619306143529,-5.343540919946813
-3.8309365037065555,-6.1221272386754215
-3.6121987429782623,-4.177123103558403
-4.559243802241891,-5.9136436807201544
-3.38367987211634,-4.639241007594293
-5.403900202852346,-7.4467146559379795
-4.0330178860607635,-1.8732980839963074
-2.006488942542556,-4.548515507903526
-4.722654472434137,-3.4374708927099715
-5.19806252702595,-3.6378497202166407
-3.0807036659383717,-2.5276801313388306
-4.120184891775943,-4.244408500212359
-5.0535791041078735,-4.992256424847832
-4.271774670281832,-3.559161391820586
-2.9036984485201005,-4.963814740816414
-2.208773717248574,-4.325348321251083
-4.0256407532181235,-4.896654014977388
-6.90908831232753,-2.93914552436674
-3.11578732348908,-4.337593068541856
-3.919611139330154,-3.380872938755081
-5.875055028263851,-4.634863212815554
-3.0468823844538075,-5.5051473078030995
-3.647730481400045,-5.6278981655480855
-3.4402840210797683,-4.0427697787569805
-5.938158179086612,-2.602312774651394
-4.881509892157659,-4.972302924417257
-3.7593169633228687,-2.6216351806855416
-5.218986182774076,-3.925984180182434
-3.4854201996033125,-3.168273271284227
-3.78827013366733,-4.440433406899987
-4.9931082647784635,-3.89662734034435
-5.286566814382728,-7.505620580193529
-3.4761282350107985,-2.915278190696566
-6.8355189226502056,-5.211676845651925
-3.2570148867937627,-1.5310054363459615
-3.9750475507895104,-4.873603529474961
-4.219475729325808,-2.3501482970221783
-4.775157014949443,-4.959030407980304
-4.579292226618439,-5.143994329910455
-3.8527956208062455,-2.0503858498365273
-3.612304872260765,-4.3028242025515455
-4.350173522698653,-5.875828970435988
-2.9402682674234093,-4.093404636415363
-4.2165758963087505,-0.16827091858616727
-3.6414965099611765,-4.902149260114221
-4.511629115446652,-2.621865148963894
-3.864075507354683,-5.72593357398084
-2.896925278509756,-4.801772902646793
-1.7520426685389454,-2.7039423211424216
-4.536786274790502,-2.4627803659178644
-3.918573387367116,-2.9766715898533365
-3.4183206192466304,-5.015627985989048
-4.772259798780954,-2.7640470189026063
-4.401730398527849,-4.484378155890396
-5.146147095219224,-3.4916811212878467
-1.524970096908226,-5.2810394971051275
-3.9709366519926905,-2.305335333501485
-4.095569669494858,-3.4571538445003194
-5.2748722337762555,-3.4860314833508217
-4.224573118005458,-2.8171240051841644
-2.575136738122299,-0.8925236295776635
-3.3044401921437094,-3.6090444201014003
-3.7667388381071967,-4.423799551372826
-3.5938193878459708,-4.354481692166836
-3.797846828476463,-2.4188829572704487
-5.207851078335569,-2.6321457266451453
-2.4194619191921616,-4.141682232389295
-6.546225878810313,-4.729386384513319
-2.443606544126669,-4.027441674758658
-5.199162678753893,-4.6057299054738605
-2.9912559681945363,-3.343919718158345
-4.286718519003633,-4.440189294177625
-4.470109778852586,-5.106892221398203
-2.0615491726366697,-4.386784563053608
-2.5394097750094042,-2.174420737693058
-2.8020269222224474,-4.517944375261658
-3.515523891596069,-4.029034727669099
-5.084442232876154,-3.6107688619340763
-5.414847749391763,-2.5747847338461236
-4.557540756758072,-3.7586084129525927
-3.6600545541446294,-4.310685968444893
-3.2959674382296704,-4.569884387947029
-2.954443243051307,-5.615175616296098
-3.848344504544306,-1.6732852011300583
-5.200397589526689,-4.813293964629822
-3.3833105804093018,-3.7845018616724824
-3.579243880871729,-3.4129754438228037
-3.2383342377258764,-2.668360189652532
-3.508217611685785,-4.289509185542251
-3.1929115585567223,-1.7201416781257413
-4.159160495659088,-5.16943516560477
-2.6715031968556326,-4.1444573967443175
-6.607203455216844,-2.983093987419494
-4.642393823144707,-4.108639938764993
-3.6016236033171825,-3.7714003842651205
-3.1486578194331525,-4.522583644683812
-3.384273042188701,-4.311456013100701
-3.1134274229349965,-3.261559019184336
-5.122526442453514,-2.6968214605899616
-4.6431561341368575,-3.030330642062626
-3.559255223918391,-1.794179587845853
-4.268159178846222,-4.419180155341837
-4.023303527065279,-4.36381573940113
-3.0400697176695397,-5.939572730123905
-5.264418902975625,-5.2813635058950315
-2.859630889631709,-1.94726395290169
-4.125339062244966,-4.202586067828013
-3.915937404264182,-2.6057460368701717
-5.112823761028689,-3.7139572207182576
-2.8297628442610843,-3.3986869960721857
-3.772502060081508,-2.798744688919431
-7.243878751599084,-3.186549616562911
-4.784890819752908,-6.196759476227748
-3.3865568805700232,-2.351609745804451
-4.16493821755323,-2.8565505433564735
-2.0652660904136253,-2.422102655699143
-2.0320425647543283,-3.1094470107137293
-3.909479633318089,-5.922358974276602
-4.295274985755938,-5.01189591437943
-1.3948687390026238,-4.2110629749188035
-3.8521542318586173,-3.338217548751439
-3.9476770643530554,-1.9659387514830966
-4.747179234081342,-3.7664710537153088
-4.890964702837658,-5.584027013464847
-4.734122909086342,-4.044444156458095
-4.515162669420712,-4.830905175848627
-5.687580956406201,-4.099726687154433
-5.805664448837202,-3.087932843572477
-3.901072296478596,-5.749061799357917
-4.371050892459836,-4.902587686708699
-3.6169905874969834,-2.3914594647722263
-6.250206963574893,-3.8619687050230995
-4.192159354679968,-3.1943919082594414
-3.744164046114773,-4.902363198086583
-4.382864722799942,-4.955231028164187
-2.7087914336816823,-3.9744260215936693
